nom,prenom,numero_etudiant
test,test,00000000
a,a,11111111
b,b,22222222
c,c,33333333
d,d,44444444
e,e,55555555
f,f,66666666
g,g,77777777
h,h,88888888
i,i,99999999
j,j,10101010
k,k,12121212
l,l,13131313
m,m,14141414
n,n,15151515
o,o,16161616
p,p,17171717
q,q,18181818
r,r,19191919
s,s,20202020
t,t,21212121
u,u,22222222
v,v,23232323
w,w,24242424
x,x,25252525
y,y,26262626
z,z,27272727
Karylin,Chandra,86118630
Revkah,Emma,05078612
Talia,Ivett,70375069
Terencio,Pollyanna,95103880
Guildroy,Sharlene,46838149
Dimitris,Pierette,85533982
Vorster,Tybie,03752599
Penelopa,Hermione,52426426
Brenn,Jaclyn,40100553
Bobbee,Emelina,49917505
Destinee,Ann-Marie,00236489
Rillings,Yolane,03359980
Munn,Luci,11972569
Vary,Ebonee,83878321
Callista,Darlleen,25389679
Odysseus,Elsie,14488818
Phyllis,Misha,42213249
Boycey,Veda,93052908
Milde,Hannis,54301992
Othilia,Willetta,37097781
Cleavland,Rebeca,52275201
Margarete,Hallie,35810154
Bergman,Harrietta,54952016
Secrest,Gabi,41332290
Lamoree,Candy,60851267
Anestassia,Ermengarde,20790067
Loeb,Tera,67566461
Toffic,Janey,50954437
Willie,Gusella,02162588
Saree,Trudie,66929726
Soneson,Karolina,68822536
Levey,Regina,30358272
Graig,Basia,60320381
Greyson,Elvira,94018991
Amethist,Penelopa,17526627
Vanni,Arlena,99839012
Juan,Charmaine,08016153
Uund,Madalyn,80732065
Krystle,Loree,53907533
Sawtelle,Fredericka,79911668
Lorain,Marnia,92344454
Cassius,Bibby,05878261
O'Rourke,Zia,92485400
Calhoun,Sissy,12377751
August,Eugine,78914398
Ciro,Cassondra,61198387
Holbrook,Fred,67708429
Ummersen,Genevra,73456006
Moina,Jere,16615154
Haymes,Ida,85313378
Zuzana,Lolita,79347411
Denis,Georgetta,66194073
Eno,Viviene,64612889
Huggins,Jsandye,43664286
Iaverne,Ebonee,96116198
Pozzy,Elka,35358175
Anis,Gusella,55948754
McLaughlin,Kathy,72013363
Stanwood,Audrie,49767016
Christine,Lynea,68505016
Winthorpe,Cherrita,44409796
Alisia,Theodora,58307633
Klemperer,Bobinette,71091600
Rubie,Augustine,23628304
Glenden,Helsa,23796145
Vanni,Roberta,83064767
Winnick,Bernie,02677386
Publia,Mady,67076818
Adamsen,Malina,62444830
Leifeste,Clementine,82834417
Rogerio,Rani,36996851
Harl,Basia,56721107
Hortensia,Teriann,14299387
Greenwald,Briney,52603074
Kenwood,Florie,27810379
Vins,Frank,80389084
Sparhawk,Modestia,95694353
Gabrielli,Clementine,75774246
Slifka,Aubrie,21949232
Lorain,Susan,71254455
Franza,Alie,67627353
Libna,Linzy,71860573
Alcott,Oralee,43413639
Rillings,Janeczka,34485869
Nisbet,Claudina,41350100
Barney,Korrie,95856487
Drus,Tani,07492727
Holtz,Letizia,27249797
Zina,Barbara,94102070
Schonfeld,Mathilda,41084567
Yuille,Ericka,96000831
Giff,Fanchon,31069846
Morgun,Coral,46322512
Travax,Corly,71538710
Ader,Emmey,94448818
Alejoa,Kylynn,49992001
Ludewig,Arabel,10680242
Mathilde,Tonia,59170898
Anton,Randa,30137777
Gherardo,Tomasina,58985452
Ardeha,Gale,32817728
Morehouse,Grier,28836785
Bennie,Genovera,49111398
Muriel,Chickie,46470833
Marijo,Deloria,84574791
Jacqui,Rebeca,14097370
Salchunas,Luci,88951167
Miru,Vivia,79051972
Lilas,Alie,64917900
Tippets,Ana,26744969
Tyson,Alyssa,63647270
Christine,Randa,01857033
Kaja,Agathe,22739444
Ludewig,Tamqrah,52129778
Stav,Lolita,07041651
Ummersen,Judy,34087696
Arne,Cyndie,46901194
Bobbee,Myriam,58874607
Shanley,Brianna,96158047
Dermott,Violet,83292675
Waite,Lisette,56045046
Darrell,Daune,84834476
Melleta,Korrie,09063009
Kylander,Leeanne,86675722
Douglass,Jessamyn,76031676
Hewitt,Carmela,79228685
Chrystel,Sonni,39221278
Neils,Katharina,95110432
Zachary,Catrina,70510900
Sundin,Blinni,60516216
Prober,Belva,61802803
Bari,Beth,04667294
Guthrie,Lynde,29221401
Mintz,Rhea,85402886
Lesley,Ileana,65035212
Nahum,Tersina,25090753
Ehrman,Estell,04360622
Constancy,Lulita,21923068
Cottle,Jany,67911938
Schenck,Kirstin,49842857
Narton,Maryellen,69529885
Bashemeth,Olivette,67543243
Percy,Bertine,71620957
Ovid,Ezmeralda,73244480
Frodi,Ruthe,53016218
Jehu,Daune,90465877
Swanhildas,Cherrita,33838827
Bennie,Ashlee,80555513
Niccolo,Merle,44665847
Zetta,Sheelagh,47728795